"name";"login";"email";"mobilePhone";"person_guid";"parent_energy";"parent_sysconfig"
"Буханов Андрей Юрьевич";"Bukhanov.Ayu";"123@mail.ru";"123";"e7a25d2c-7263-46b8-a8c9-b19647e612de";"f0eb1cfb-7939-46e2-b36a-ba316b109a56";"74f289ae-0eb9-4341-8912-8e211f4c01f9"
"";"";"";"";"a2f9c518-462d-45d8-b7b3-251c47231941";"";""
"";"";"";"";"84b6cf58-93f3-4379-a48e-2c58947d3fe3";"";""
"";"";"";"";"b38eba92-10d6-4280-aa6d-98a1dda886ab";"";""
"";"";"";"";"2804dbb8-5544-485f-8a5a-2061e9faaf7d";"";""
"";"";"";"";"fafc860d-6779-4db0-bdee-4bdae8cc1ea4";"";""
"";"";"";"";"2de353dd-8280-4a2d-9944-67f082e2b207";"";""
"";"";"";"";"21a61282-9772-4f87-9a8e-0850b7e4fa6f";"";""
"";"";"";"";"15784565-4e25-42c8-a80c-8804051aa7c2";"";""
"";"";"";"";"e6afab6e-4d60-4133-aa06-b1aa8534c7af";"";""
"";"";"";"";"92e0ce09-8ba2-4a70-9981-7e2172afc70d";"";""
"";"";"";"";"2fa27d16-2d11-4624-b9cf-761589fa43aa";"";""
"";"";"";"";"5d6ffd76-1dec-43c5-a72d-eea694c9232f";"";""
"";"";"";"";"bf5f120a-8ec1-493f-ba64-8f774535120b";"";""
"";"";"";"";"0f9b76e3-339d-4a5a-aa08-f9ad30b7c877";"";""
"";"";"";"";"629b6453-749d-4af8-9f0e-e130c4be071f";"";""
"";"";"";"";"0ee3da1b-35b1-47bc-9393-82a2c774ee9e";"";""
"";"";"";"";"03c96559-9e82-4cee-b308-2dbfa127639c";"";""
"";"";"";"";"e4dc1127-53c9-4e73-92b1-c2016777ccbf";"";""
"";"";"";"";"4ba38294-67ea-4e26-b624-c50d8dd3b902";"";""
"";"";"";"";"eba19a18-edb9-4255-8ae7-5eaee36d72a6";"";""
"";"";"";"";"233b0a3d-b18c-4320-a2e7-42e5046ef86a";"";""
"";"";"";"";"5aa72e76-b502-435f-9c56-0ac00250c4e5";"";""
"";"";"";"";"550a5029-3eb4-4dc5-b9ee-2e0a1726f861";"";""
"";"";"";"";"c247955b-887b-4240-a559-b758eca1608a";"";""
"";"";"";"";"b1aab49c-603a-4382-92f6-fe6c81c4d69e";"";""
"";"";"";"";"727979a9-4ebf-4fab-8e45-cc4e9bd053fd";"";""
"";"";"";"";"bd38ca98-e461-4ba0-a98a-ed977d54d767";"";""
"";"";"";"";"1902849e-0014-4522-b95a-fc72ba0cec3a";"";""
"";"";"";"";"2b0a4587-a690-49e7-b8eb-b9ff2c791d44";"";""
"";"";"";"";"ddd7e872-3f3c-42ef-9391-dfd0f5e2783e";"";""
"";"";"";"";"75dcb8d6-b13b-45db-9164-369862048e2b";"";""
"";"";"";"";"21bcca79-4d54-493a-aa7c-ffae353c600b";"";""
"";"";"";"";"adc6f679-64c6-459b-8d1f-971008b81cc1";"";""
"";"";"";"";"6affb0c5-97db-4581-9628-ef126aae319a";"";""
"";"";"";"";"9517d9cb-6601-4439-a9c1-da16126597eb";"";""
"";"";"";"";"32b1663f-733b-4d9a-8953-acc7e8279e0c";"";""
"";"";"";"";"dfe07750-a424-43b5-ae7a-c5c8bd1b1bde";"";""
"";"";"";"";"6beae2a3-a9b5-4c32-b546-13137d66a124";"";""
"";"";"";"";"f564e598-7f74-42bc-a834-52c54544c5c2";"";""
"";"";"";"";"832c699e-d1bc-4fb4-90ca-86aea4b31870";"";""
"";"";"";"";"50de7463-a03a-4de6-ad42-3c4a4cdcd386";"";""
"";"";"";"";"8652228a-49f4-4846-85c1-e84247455064";"";""
"";"";"";"";"fc41e56c-96ca-4c7a-8857-4bddea8b854a";"";""
"";"";"";"";"bd187478-623b-48e1-873d-e10c77035f0a";"";""
"";"";"";"";"314670a6-4dac-4036-b3eb-e7644df5509e";"";""
"";"";"";"";"ccec66c3-c2a3-40b3-afce-a599adc511f2";"";""
"";"";"";"";"7eb4d034-4726-43c0-906d-a2e267724a8d";"";""
"";"";"";"";"30a64af0-4bcb-44ba-83f7-93d7015043cc";"";""
"";"";"";"";"6f8da89b-8b6d-4e3f-8828-17de79276b5b";"";""
"";"";"";"";"96683ead-dfec-4947-ab19-49829be66e2d";"";""
"";"";"";"";"29e16dc1-bf3a-496e-a414-45bcc3c1bd92";"";""
"";"";"";"";"8353a237-d5dd-4c81-b9f8-f1a29a662fe8";"";""
"";"";"";"";"1dd1db28-97f4-4831-a0ba-7afce61708e9";"";""
"";"";"";"";"f995406b-5aa0-4d90-81e8-ddd919e95290";"";""
"";"";"";"";"3dbdbf0b-b99f-47f1-b167-fd031773466c";"";""
"";"";"";"";"ccac2682-c764-4d84-b765-e9d55449f802";"";""
"";"";"";"";"22ad4eb3-b0b2-4045-8630-53335dc2e229";"";""
"";"";"";"";"c85315e6-bee4-4820-9722-98bf605826b9";"";""
"";"";"";"";"df6317b3-1209-49e7-80ba-6bb4e2561be5";"";""
"";"";"";"";"a5101fbe-e12f-49c2-bada-5f4320bcdfbd";"";""
"";"";"";"";"ac393cac-e8e1-4171-a4c0-bfa7ae8ca256";"";""
"";"";"";"";"59fe589d-7513-4589-a438-86c2d8bf74bf";"";""
"";"";"";"";"61868a0c-aba9-45a6-89b9-cc367baa93ca";"";""
"";"";"";"";"0090b600-5f0f-4aab-83f0-7bb7fd58ca32";"";""
"";"";"";"";"7db92a23-b428-4d81-8503-494411a49fbd";"";""
"";"";"";"";"72fda24d-5ad6-4921-b21d-0612c1a428a8";"";""
"";"";"";"";"4016cb9c-ee81-43f8-b7b9-b5316980c8f1";"";""
"";"";"";"";"7df950b4-f072-4c5b-9629-df50bd88b213";"";""
"";"";"";"";"931e6f0b-5eeb-4093-9142-6f59dcdbfa12";"";""
"";"";"";"";"d0d5bf43-5979-4086-bb54-ff0996f07c68";"";""
"";"";"";"";"2fc927d9-5c5c-42ab-b221-38a7bf69ef45";"";""
"";"";"";"";"b7b54563-2fe5-4ddf-8bea-a09fcb174082";"";""
"";"";"";"";"20968d44-b48e-4a4b-b1f0-54b8f6cb3281";"";""
"";"";"";"";"bb405942-ecba-4e01-93e9-6b2ea5b51f5a";"";""
"";"";"";"";"f66b065c-4e65-4f23-9655-cad9305da350";"";""
"";"";"";"";"a001a690-a1af-480b-b3a9-a75856636513";"";""
"";"";"";"";"73f2b126-ff35-48c2-a6ba-ae81e42dba4d";"";""
"";"";"";"";"b52eadee-75fd-46b6-8a22-6715881b37db";"";""
"";"";"";"";"00a1d5ca-078a-4f6b-84fc-fecdbbadd494";"";""
"";"";"";"";"bd34947d-8c4b-45cc-9242-e5cd5a7bf785";"";""
"";"";"";"";"f0eb618f-fc4e-4820-bb35-4285e29bd553";"";""
"";"";"";"";"46669bda-7224-4855-8493-3f9696686823";"";""
"";"";"";"";"64866fd7-92f4-45b4-bbe0-e8bc61cf0455";"";""
"";"";"";"";"3a2a08d6-f4bf-4acd-9cd1-a141fce7143c";"";""
"";"";"";"";"c301d1ad-4c17-4724-bb87-b17500bdf482";"";""
"";"";"";"";"d19accc7-1d37-465e-a056-53b50c49cfe7";"";""
"";"";"";"";"72d51070-2bde-4bc3-8af2-cb64b996d202";"";""
"";"";"";"";"1c5e6d4e-8842-44f0-b8a2-71b24f83aadc";"";""
"";"";"";"";"014d36b2-1c2b-4665-be0c-017b9470a7ee";"";""
"";"";"";"";"f7703bd0-9f3b-4073-b912-8da9ee1d32ec";"";""
"";"";"";"";"669e397a-9e69-4a67-a288-8d4b01065a55";"";""
"";"";"";"";"5ee03b45-a267-4b80-823f-24b02420e8a1";"";""
"";"";"";"";"c52730b7-b327-4197-84b6-1b6005d62e16";"";""
"";"";"";"";"a50bc0e6-176a-47d6-9300-0c9218dc19f4";"";""
"";"";"";"";"c546bfa0-915b-4bd1-9edb-aa872cc10c02";"";""
"";"";"";"";"208c231f-ba19-4b06-9803-34f1a3157afa";"";""
"";"";"";"";"6711ef0b-5781-43dd-9ba3-4dbdff76d4ce";"";""
"";"";"";"";"c72fcb71-7bdf-4edc-8d98-eeb961a565ae";"";""
"";"";"";"";"a9440e2c-bf7c-488f-9f1d-fedf2a18d4b3";"";""
"";"";"";"";"d4604cec-b413-4f1e-b5ee-bd999bf5d5f2";"";""
"";"";"";"";"3e787817-5878-4185-ab21-7b4aa7e5cb47";"";""
"";"";"";"";"1df0692a-dbf7-4e6a-a417-e9caaaeac7af";"";""
"";"";"";"";"c5a6ad91-1d5c-42e8-b72d-f927bf661d80";"";""
"";"";"";"";"cdb698a7-9889-4645-9668-ae5cc25d75a7";"";""
"";"";"";"";"93a65bd8-ce25-4c4c-a981-41f1d82ce0de";"";""
"";"";"";"";"33c28159-faf8-4620-8ae8-5987cff2196f";"";""
"";"";"";"";"874700a3-85f9-4956-9559-43705aa65127";"";""
"";"";"";"";"db69e796-256d-42fd-a8e8-7d986609bd76";"";""
"";"";"";"";"7bc090fe-696a-49c9-919b-7304254d9b4d";"";""
"";"";"";"";"71699c54-e6d8-4e3e-8592-40d956fce80e";"";""
"";"";"";"";"e049f6c1-0801-4a77-a532-995a97b3f4df";"";""
"";"";"";"";"6dd34ade-6e55-4144-ac82-ba26eb7b8621";"";""
"";"";"";"";"7eb347c0-0211-4651-902d-b716937482af";"";""
"";"";"";"";"99521a17-e4b7-4489-857e-83dafd152d8a";"";""
"";"";"";"";"9f59b281-c647-402d-b085-52965ca11ba9";"";""
"";"";"";"";"c29efd6d-395f-437f-a86a-d2f392c86a47";"";""
"";"";"";"";"dc696599-1a83-44e0-8228-b07b4d68499f";"";""
"";"";"";"";"ef2009fe-ae32-4dad-958e-fa562eb2fc77";"";""
"";"";"";"";"734c0b1a-6c4e-47d5-a6d4-e07fbbacf47e";"";""
"";"";"";"";"29ec6355-0e56-40e4-b303-ddadc4a5f2d0";"";""
"";"";"";"";"bf4aa13c-a3c3-43aa-9371-115d54ab2dc0";"";""
"";"";"";"";"b335af7c-bf1f-40d2-918b-61d577dd5921";"";""
"";"";"";"";"0e72994b-a887-41f0-a673-ac47f010223b";"";""
"";"";"";"";"ba0e4b88-7dec-47b0-90d3-f30b859f6667";"";""
"";"";"";"";"9224fc95-b16b-42cb-9fbf-3ff0cc2dda22";"";""
"";"";"";"";"0edc90cd-bbae-4545-b8d3-212028e84f2c";"";""
"";"";"";"";"59daef87-221e-4343-8478-9b5e08162282";"";""
"";"";"";"";"d67047be-881b-4f89-a528-d65014d1b3df";"";""
"";"";"";"";"535c1268-8ad2-403b-a694-aafa4ab9ba31";"";""
"";"";"";"";"4b00f34f-e11f-49f1-bf76-6e1b63cd95ef";"";""
"";"";"";"";"a5445588-2847-47cf-9527-cb7182edfc9e";"";""
"";"";"";"";"4a709742-8791-4394-a421-96cd711fc823";"";""
"";"";"";"";"7ac90098-cd66-4b7b-9f4b-29fed810f6e1";"";""
"";"";"";"";"6464ac31-7ecf-48cd-bc7a-1a9923682a13";"";""
"";"";"";"";"5149b067-89a5-42f4-a8aa-28e50fd8e406";"";""
"";"";"";"";"5a9a4924-e583-4974-ab8d-b4d9ad3b3358";"";""
"";"";"";"";"f26fc4ef-7b11-4bf8-bd68-3bda1466fdaa";"";""
"";"";"";"";"b49ce3b9-431c-4b11-b70a-3c925d68802c";"";""
"";"";"";"";"a4fdcc38-7f39-4b83-a350-7bb19d86e2b8";"";""
"";"";"";"";"a9b5d033-d40b-4802-90c7-40fe96556225";"";""
"";"";"";"";"af69c8c4-c66c-401e-9df7-cd124344b413";"";""
"";"";"";"";"829229db-392c-4efb-a3cd-843df9f10c42";"";""
"";"";"";"";"942c740a-7d3f-455a-9836-773ee7344ef8";"";""
"";"";"";"";"e168e597-5097-4b0d-8e38-bc966780105d";"";""
"";"";"";"";"738bcbd5-3c75-4e7a-b429-10005f6d2318";"";""
"";"";"";"";"df6e2a1f-8eb8-4415-bc9c-80d0a4fb9b17";"";""
"";"";"";"";"45275a49-955b-4790-9865-2c50ed37b71b";"";""
"";"";"";"";"a10042e9-6b41-4c32-9868-b685b7554680";"";""
"";"";"";"";"e4b99c5e-3926-4561-ace4-5d7535054147";"";""
"";"";"";"";"0c405efb-3116-4605-b9cc-d87ef5ab1f2f";"";""
"";"";"";"";"486d3522-043e-445f-aee5-d0ee47dd201a";"";""
"";"";"";"";"9523a9f1-f546-41d8-b8c2-2ccc139247e2";"";""
"";"";"";"";"fd9882e9-80e7-48c1-8096-cecd2a8bee0a";"";""
"";"";"";"";"3b807bb0-b455-4b60-8ee1-cb3990f8d991";"";""
"";"";"";"";"1c29d9ef-6180-460c-8e7c-4649e6b267ed";"";""
"";"";"";"";"c4599c5a-ab80-4caf-93e9-273374f42120";"";""
"";"";"";"";"8d87bef5-2470-4c53-816f-292947241387";"";""
"";"";"";"";"15df715c-cd1e-4c5e-b34d-ed2402a949f4";"";""
"";"";"";"";"3bd12886-daf7-4e40-bf68-c5896cf23422";"";""
"";"";"";"";"95dfc2f9-2586-4b6c-8c63-b4a46c6dfb3c";"";""
"";"";"";"";"84769bd6-4efd-4176-b99f-379f5072f11e";"";""
"";"";"";"";"4c2ca08b-6320-4ac6-8a51-3d896d760bcd";"";""
"";"";"";"";"b6d9f25d-23f3-4d14-986f-3a1376ad20f5";"";""
"";"";"";"";"76a8ebb8-3210-4ad2-a108-053f2aa7a855";"";""
"";"";"";"";"7b39af15-04b2-47e2-923c-268c2b7a45ef";"";""
"";"";"";"";"cd4a8414-73df-486e-86e0-11d849ac6466";"";""
"";"";"";"";"120ec2e0-b6ff-4750-9b77-bd85928dca22";"";""
"";"";"";"";"bd19eeeb-9541-4990-aa7b-ab2806294164";"";""
